{"version": 1, "notes": "", "documentation": "\"This file is a QMK Configurator export. You can import this at <https://config.qmk.fm>. It can also be used directly with QMK's source code.\n\nTo setup your QMK environment check out the tutorial: <https://docs.qmk.fm/#/newbs>\n\nYou can convert this file to a keymap.c using this command: `qmk json2c {keymap}`\n\nYou can compile this keymap using this command: `qmk compile {keymap}`\"\n", "keyboard": "thevankeyboards/minivan", "keymap": "minivan_config_v3", "layout": "LAYOUT_arrow", "layers": [["KC_ESC", "KC_Q", "KC_W", "KC_E", "KC_R", "KC_T", "KC_Y", "KC_U", "KC_I", "KC_O", "KC_P", "KC_BSPC", "KC_TAB", "KC_A", "KC_S", "KC_D", "KC_F", "KC_G", "KC_H", "KC_J", "KC_K", "KC_L", "KC_SCLN", "KC_ENT", "KC_LSFT", "KC_Z", "KC_X", "KC_C", "KC_V", "KC_B", "KC_N", "KC_M", "KC_COMM", "KC_DOT", "KC_SLSH", "KC_RSFT", "KC_LCTL", "KC_LALT", "KC_LGUI", "LT(1,KC_CAPS)", "KC_SPC", "KC_RGUI", "KC_APP", "KC_RALT", "KC_RCTL"], ["KC_GRV", "KC_1", "KC_2", "KC_3", "KC_4", "KC_5", "KC_6", "KC_7", "KC_8", "KC_9", "KC_0", "KC_BSPC", "KC_TAB", "KC_VOLD", "KC_VOLU", "KC_MUTE", "KC_MPRV", "KC_MNXT", "KC_LBRC", "KC_RBRC", "KC_BSLS", "KC_QUOT", "KC_SCLN", "KC_ENT", "KC_LSFT", "KC_MSTP", "KC_MPLY", "KC_BRID", "KC_BRIU", "KC_NO", "KC_MINS", "KC_EQL", "KC_COMM", "KC_DOT", "KC_SLSH", "KC_RSFT", "KC_LCTL", "KC_LALT", "KC_LGUI", "KC_NO", "KC_SPC", "KC_LEFT", "KC_DOWN", "KC_UP", "KC_RGHT"]], "author": ""}
